Dateiname (*.csv) ;Feldbeschreibung;Feldname
Sachkontenstamm.csv;Kontonummer des Kontos;Ktonr
Sachkontenstamm.csv;Beschriftung;Text
Sachkontenstamm.csv;ZusFkt;ZusFkt
Sachkontenstamm.csv;Hauptfunktionstyp;HkTyp
Sachkontenstamm.csv;HFNr;HFNr
Sachkontenstamm.csv;Funktionsergaenzung;FktErg
Sachkontenstamm.csv;Faktor2_Prozent;F2Proz
Sachkontenstamm.csv;KtoNr1_Faktor2;F2Kto1
Sachkontenstamm.csv;KtoNr2_Faktor2;F2Kto2
Sachkontenstamm.csv;Funktionsbezeichnung;IFktBeschr
Sachkontenstamm.csv;Anlagenspiegelfunktion;AnspFkt
DebitorenKreditorenstammdaten.csv;Kontonummer des Personenkontos;PKKtonr
DebitorenKreditorenstammdaten.csv;Unternehmensbezeichnung(Unternehmen);Name_Unternehmen
DebitorenKreditorenstammdaten.csv;Unternehmensgegenstand;Unternehmensgegenst
DebitorenKreditorenstammdaten.csv;Nachname(Personen);Name_Nachname
DebitorenKreditorenstammdaten.csv;Vorname(Personen);Vorname
DebitorenKreditorenstammdaten.csv;AdressatNameNeutral;Name
DebitorenKreditorenstammdaten.csv;Adresstyp;Adresstyp
DebitorenKreditorenstammdaten.csv;UStEGLand;EU_Land
DebitorenKreditorenstammdaten.csv;UmsatzsteuerID;EU_UStID
DebitorenKreditorenstammdaten.csv;Art der Adresse (GK=Grosskundenadesse, PF=Postfachadresse,STR=Strassenadresse);Adressart
DebitorenKreditorenstammdaten.csv;Strasse (nur bei Strassenadresse);Strasse
DebitorenKreditorenstammdaten.csv;Postfach (nur bei Postfachadresse);Postfach
DebitorenKreditorenstammdaten.csv;Postleitzahl;PLZ
DebitorenKreditorenstammdaten.csv;Ort;Ort
DebitorenKreditorenstammdaten.csv;Land;Nation
DebitorenKreditorenstammdaten.csv;Adresse gueltig von;AdresseGueltig_von
DebitorenKreditorenstammdaten.csv;Adresse gueltig bis;AdresseGueltig_bis
DebitorenKreditorenstammdaten.csv;Bankleitzahl 1;BLZ_1
DebitorenKreditorenstammdaten.csv;Bankbezeichnung 1;Bankbezeichnung_1
DebitorenKreditorenstammdaten.csv;Bankkontonummer 1;Bankkontonr_1
DebitorenKreditorenstammdaten.csv;Laenderkennzeichen 1;LaenderKZ_1
DebitorenKreditorenstammdaten.csv;IBAN-Nr. 1;IBAN_1
DebitorenKreditorenstammdaten.csv;SWIFT-Code 1;BIC_1
DebitorenKreditorenstammdaten.csv;Abweichender Kontoinhaber 1;AbwKontoinhaber_1
DebitorenKreditorenstammdaten.csv;Kennzeichen Hauptbankverbindung 1;KZGeschaeftspBank_1
DebitorenKreditorenstammdaten.csv;Bankverbindung 1 gueltig von;Bankv1_Gueltig_von
DebitorenKreditorenstammdaten.csv;Bankverbindung 1 gueltig bis;Bankv1_Gueltig_bis
DebitorenKreditorenstammdaten.csv;Bankleitzahl 2;BLZ_2
DebitorenKreditorenstammdaten.csv;Bankbezeichnung 2;Bankbezeichnung_2
DebitorenKreditorenstammdaten.csv;Bankkontonummer 2;Bankkontonr_2
DebitorenKreditorenstammdaten.csv;Laenderkennzeichen 2;LaenderKZ_2
DebitorenKreditorenstammdaten.csv;IBAN-Nr. 2;IBAN_2
DebitorenKreditorenstammdaten.csv;SWIFT-Code 2;BIC_2
DebitorenKreditorenstammdaten.csv;Abweichender Kontoinhaber 2;AbwKontoinhaber_2
DebitorenKreditorenstammdaten.csv;Kennzeichen Hauptbankverbindung 2;KZGeschaeftspBank_2
DebitorenKreditorenstammdaten.csv;Bankverbindung 2 gueltig von;Bankv2_Gueltig_von
DebitorenKreditorenstammdaten.csv;Bankverbindung 2 gueltig bis;Bankv2_Gueltig_bis
DebitorenKreditorenstammdaten.csv;Bankleitzahl 3;BLZ_3
DebitorenKreditorenstammdaten.csv;Bankbezeichnung 3;Bankbezeichnung_3
DebitorenKreditorenstammdaten.csv;Bankkontonummer 3;Bankkontonr_3
DebitorenKreditorenstammdaten.csv;Laenderkennzeichen 3;LaenderKZ_3
DebitorenKreditorenstammdaten.csv;IBAN-Nr. 3;IBAN_3
DebitorenKreditorenstammdaten.csv;SWIFT-Code 3;BIC_3
DebitorenKreditorenstammdaten.csv;Abweichender Kontoinhaber 3;AbwKontoinhaber_3
DebitorenKreditorenstammdaten.csv;Kennzeichen Hauptbankverbindung 3;KZGeschaeftspBank_3
DebitorenKreditorenstammdaten.csv;Bankverbindung 3 gueltig von;Bankv3_Gueltig_von
DebitorenKreditorenstammdaten.csv;Bankverbindung 3 gueltig bis;Bankv3_Gueltig_bis
DebitorenKreditorenstammdaten.csv;Bankleitzahl 4;BLZ_4
DebitorenKreditorenstammdaten.csv;Bankbezeichnung 4;Bankbezeichnung_4
DebitorenKreditorenstammdaten.csv;Bankkontonummer 4;Bankkontonr_4
DebitorenKreditorenstammdaten.csv;Laenderkennzeichen 4;LaenderKZ_4
DebitorenKreditorenstammdaten.csv;IBAN-Nr. 4;IBAN_4
DebitorenKreditorenstammdaten.csv;SWIFT-Code 4;BIC_4
DebitorenKreditorenstammdaten.csv;Abweichender Kontoinhaber 4;AbwKontoinhaber_4
DebitorenKreditorenstammdaten.csv;Kennzeichen Hauptbankverbindung 4;KZGeschaeftspBank_4
DebitorenKreditorenstammdaten.csv;Bankverbindung 4 gueltig von;Bankv4_Gueltig_von
DebitorenKreditorenstammdaten.csv;Bankverbindung 4 gueltig bis;Bankv4_Gueltig_bis
DebitorenKreditorenstammdaten.csv;Bankleitzahl 5;BLZ_5
DebitorenKreditorenstammdaten.csv;Bankbezeichnung 5;Bankbezeichnung_5
DebitorenKreditorenstammdaten.csv;Bankkontonummer 5;Bankkontonr_5
DebitorenKreditorenstammdaten.csv;Laenderkennzeichen 5;LaenderKZ_5
DebitorenKreditorenstammdaten.csv;IBAN-Nr. 5;IBAN_5
DebitorenKreditorenstammdaten.csv;SWIFT-Code 5;BIC_5
DebitorenKreditorenstammdaten.csv;Abweichender Kontoinhaber 5;AbwKontoinhaber_5
DebitorenKreditorenstammdaten.csv;Kennzeichen Hauptbankverbindung 5;KZGeschaeftspBank_5
DebitorenKreditorenstammdaten.csv;Bankverbindung 5 gueltig von;Bankv5_Gueltig_von
DebitorenKreditorenstammdaten.csv;Bankverbindung 5 gueltig bis;Bankv5_Gueltig_bis
DebitorenKreditorenstammdaten.csv;Geschaeftspartner-Typ;Geschaeftspartner-Typ
DebitorenKreditorenstammdaten.csv;Steuernummer;Steuernummer
Kontobuchungen.csv;ID des Rechnungslegungsbereichs;BereichsId
Kontobuchungen.csv;Kontonummer des Kontos;Ktonr
Kontobuchungen.csv;Belegdatum der Buchung;Belegdatum
Kontobuchungen.csv;Berichtigungs-/Umsatzsteuerschlüssel;BU_Schl
Kontobuchungen.csv;Kontonummer des Gegenkontos;GKtonr
Kontobuchungen.csv;Buchungstext;Buchungstext
Kontobuchungen.csv;Kontobewegung Steuersatz;Steuersatz
Kontobuchungen.csv;EU Steuersatz;EUStSatz
Kontobuchungen.csv;Belegnummer;Belegnummer
Kontobuchungen.csv;Belegfeld 2;Belegfeld2
Kontobuchungen.csv;Umsatz Soll;Umsatz_Soll
Kontobuchungen.csv;Umsatz Haben;Umsatz_Haben
Kontobuchungen.csv;Eingegebenr Umsatz SollHaben Kennzeichen;EingegUmsatz_SHKz
Kontobuchungen.csv;Eingegebener Umsatz;EingegUmsatz
Kontobuchungen.csv;WaehungsKZ Eingegebener Umsatz;WKz_eingeg_Umsatz
Kontobuchungen.csv;Umrechnungskurs;Kurs
Kontobuchungen.csv;Basiswaehrung;Basiswaehrung
Kontobuchungen.csv;Stapelnummer;Stapelnummer
Kontobuchungen.csv;Buchungssatznummer;BSNr
Kontobuchungen.csv;Kost1Kostenstelle;Kost1
Kontobuchungen.csv;Kost2Kostenstelle;Kost2
Kontobuchungen.csv;Kost Mengenfeld;Menge1Wert
Kontobuchungen.csv;Kennung EB-Buchung (1=yes, 0=no);Kennung_EB
Kontobuchungen.csv;Wirtschaftsjahres Monat ( 1 - 13);WjMonat
Kontobuchungen.csv;Buchungstyp;Buchungstyp
Kontobuchungen.csv;Bearbeitungsstatus (10=Festgeschrieben, 11=Gebucht, 20=FixiertNurFibu, 21=FixiertNurOpos, 30=AltRZGeholt, 31=AltGesendet, 32=AltFestgeschrieben);Bearbeitungsstatus
Kontobuchungen.csv;Belegpruefungsstatus (1=Ok, 2=Hinweis, 3=Fehler, 5=Vorschlagstatus gruen, 6=Vorschlagstatus gelb, 7=Vorschlagstatur rot);Belegpruefungsstatus
Kontobuchungen.csv;Kontobewegungstyp (0=Kontobewegung ohne Typ, 1=Kontobuchung, 2=Personensammelbuchung, 3=Steuersammelbuchung Vorsteuer/anrechbar, 4=Steuersammelbuchung Vorsteuer/aufzuteilen, 5=Steuersammelbuchung Umsatzsteuer faellig, 6=Steuersammelbuchung Umsatzsteuer/ nicht faellig,  7=Steuersammelbuchung Vorsteuer/Pauschalierer, 8=Steuersammelbuchung Umsatzsteuer/Pauschalierer);Kontobewegungstyp
Kontobuchungen.csv;Rolle desw Kontos im Buchungssatz (0=Feld ohne Typ, 1=Kontofeld, 2=Gegenkontofeld);Kontorolle
Kontobuchungen.csv;Folgebuchungsatzzaehler;Folgebuchungszaehler
Kontobuchungen.csv;Abweichende Besteuerungsart (S=Sollversteuerung, I=Istversteuerung);AbwBesteuerungsart
Kontobuchungen.csv;Sachverhalt Lieferungen und Leistungen;SachverhaltLuL
Kontobuchungen.csv;Funktionsergaenzung Lieferungen und Leistungen;FunktionsergLuL
Kontobuchungen.csv;Hauptfunktionstyp Steuerschluessel 49;HauptfktTypSchl49
Kontobuchungen.csv;Hauptfunktionsnummer Steuerschluessel 49;HauptfktNrSchl49
Kontobuchungen.csv;Funktionsergaenzung Steuerschluessel 49;FktErgSchl49
Kontobuchungen.csv;Herkunftskennzeichen;Herkunftskz
Kontobuchungen.csv;Beleglink;Beleglink
Kontobuchungen.csv;Stapelidentifikator;Stapelidentifikator
Kontobuchungen.csv;Belegidentifikator;Belegidentifikator
Kontobuchungen.csv;Stueck;Stueck
Kontobuchungen.csv;Gewicht;Gewicht
Kontobuchungen.csv;Gesellschaftername;Gesellschaftername
Kontobuchungen.csv;Beteiligtennummer;Beteiligtennummer
Kontobuchungen.csv;Identifikationsnummer;Identifikationsnummer
Kontobuchungen.csv;Zeichnernummer;Zeichnernummer
Kontobuchungen.csv;Leistungsdatum;Leistungsdatum
Kontobuchungen.csv;Datum Zuord. Steuerperiode;DatumZuordSteuerperiode
Kontobuchungen.csv;Faelligkeitsdatum der Buchung;Faelligkeit
Kontobuchungen.csv;Generalumkehr (GU);Generalumkehr (GU)
Buchungssatzprotokoll.csv;ID des Rechnungslegungsbereichs;BereichsId
Buchungssatzprotokoll.csv;Stapelnummer;Stapelnummer
Buchungssatzprotokoll.csv;Buchungssatznummer;BSNr
Buchungssatzprotokoll.csv;Belegdatum der Buchung;Belegdatum
Buchungssatzprotokoll.csv;Belegnummer;Beleg1
Buchungssatzprotokoll.csv;Belegfeld2;Beleg2
Buchungssatzprotokoll.csv;Kost1 Kostenstelle;Kost1
Buchungssatzprotokoll.csv;Kost 2 Kostenstelle;Kost2
Buchungssatzprotokoll.csv;Menge 1 Wert;Menge1Wert
Buchungssatzprotokoll.csv;Berichtigungs- / Umsatzsteuerschlüssel;BU_Schl
Buchungssatzprotokoll.csv;Eingegebener Umsatz;EingegUmsatz
Buchungssatzprotokoll.csv;Eingegebener Umsatz S/H Kennzeichen;EingegUmsatzSH_Kz
Buchungssatzprotokoll.csv;Waehrungskennzeichen eingegebener Umsatz;WKZ_EingegUmsatz
Buchungssatzprotokoll.csv;Umrechnungskurs;Kurs
Buchungssatzprotokoll.csv;Basiswährung der Buchführung;Basiswaehrung
Buchungssatzprotokoll.csv;EU-Land der UStID;EU_Land
Buchungssatzprotokoll.csv;EU-Umsatzsteuer- Indentifikationsnummer;EU_UStID
Buchungssatzprotokoll.csv;Buchungstext;Buchungstext
Buchungssatzprotokoll.csv;Kontonummer des Kontos;Ktonr
Buchungssatzprotokoll.csv;Umsatz Soll;Umsatz_Soll
Buchungssatzprotokoll.csv;Umsatz Haben;Umsatz_Haben
Buchungssatzprotokoll.csv;Umsatzsteuerprozentsatz;Steuersatz
Buchungssatzprotokoll.csv;EU-Steuerprozentsatz;EUSteuerSatz
Buchungssatzprotokoll.csv;Kontonummer des Gegenkontos;GKtonr
Buchungssatzprotokoll.csv;Kennzeichen EB-Buchung (0=Keine EB-Buchung, 1=EB-Buchung);EBKennzeichen
Buchungssatzprotokoll.csv;Wirtschaftsjahresmonat;WjMonat
Buchungssatzprotokoll.csv;Buchungstyp (1=FIBU, 2=JA);Buchungstyp
Buchungssatzprotokoll.csv;Bearbeitungsstatus (10=Festgeschrieben, 11=Gebucht, 20=FixiertNurFibu, 21=FixiertNurOpos, 30=AltRZGeholt, 31=AltGesendet, 32=AltFestgeschrieben);Bearbeitungsstatus
Buchungssatzprotokoll.csv;Belegpruefungsstatus (1=Ok, 2=Hinweis, 3=Fehler, 5=Vorschlagstatus gruen, 6=Vorschlagstatus gelb, 7=Vorschlagstatur rot);Belegpruefungsstatus
Buchungssatzprotokoll.csv;Kontobewegungstyp (0=Kontobewegung ohne Typ, 1=Kontobuchung, 2=Personensammelbuchung, 3=Steuersammelbuchung Vorsteuer/anrechbar, 4=Steuersammelbuchung Vorsteuer/aufzuteilen, 5=Steuersammelbuchung Umsatzsteuer faellig, 6=Steuersammelbuchung Umsatzsteuer/ nicht faellig,  7=Steuersammelbuchung Vorsteuer/Pauschalierer, 8=Steuersammelbuchung Umsatzsteuer/Pauschalierer);Kontobewegungstyp
Buchungssatzprotokoll.csv;Rolle desw Kontos im Buchungssatz (0=Feld ohne Typ, 1=Kontofeld, 2=Gegenkontofeld);Kontorolle
Buchungssatzprotokoll.csv;Folgebuchungsatzzaehler;Folgebuchungszaehler
Buchungssatzprotokoll.csv;Abweichende Besteuerungsart (S=Sollversteuerung, I=Istversteuerung);AbwBesteuerungsart
Buchungssatzprotokoll.csv;Sachverhalt Lieferungen und Leistungen;SachverhaltLuL
Buchungssatzprotokoll.csv;Funktionsergaenzung Lieferungen und Leistungen;FunktionsergLuL
Buchungssatzprotokoll.csv;Hauptfunktionstyp Steuerschluessel 49;HauptfktTypSchl49
Buchungssatzprotokoll.csv;Hauptfunktionsnummer Steuerschluessel 49;HauptfktNrSchl49
Buchungssatzprotokoll.csv;Funktionsergaenzung Steuerschluessel 49;FktErgSchl49
Buchungssatzprotokoll.csv;Herkunftskennzeichen;Herkunftskz
Buchungssatzprotokoll.csv;Beleglink;Beleglink
Buchungssatzprotokoll.csv;Art der Beleginformation 1;Beleginfo_Art1
Buchungssatzprotokoll.csv;Inhalt der Beleginformation 1;Beleginfo_Inhalt1
Buchungssatzprotokoll.csv;Art der Beleginformation 2;Beleginfo_Art2
Buchungssatzprotokoll.csv;Inhalt der Beleginformation 2;Beleginfo_Inhalt2
Buchungssatzprotokoll.csv;Art der Beleginformation 3;Beleginfo_Art3
Buchungssatzprotokoll.csv;Inhalt der Beleginformation 3;Beleginfo_Inhalt3
Buchungssatzprotokoll.csv;Art der Beleginformation 4;Beleginfo_Art4
Buchungssatzprotokoll.csv;Inhalt der Beleginformation 4;Beleginfo_Inhalt4
Buchungssatzprotokoll.csv;Art der Beleginformation 5;Beleginfo_Art5
Buchungssatzprotokoll.csv;Inhalt der Beleginformation 5;Beleginfo_Inhalt5
Buchungssatzprotokoll.csv;Art der Beleginformation 6;Beleginfo_Art6
Buchungssatzprotokoll.csv;Inhalt der Beleginformation 6;Beleginfo_Inhalt6
Buchungssatzprotokoll.csv;Art der Beleginformation 7;Beleginfo_Art7
Buchungssatzprotokoll.csv;Inhalt der Beleginformation 7;Beleginfo_Inhalt7
Buchungssatzprotokoll.csv;Art der Beleginformation 8;Beleginfo_Art8
Buchungssatzprotokoll.csv;Inhalt der Beleginformation 8;Beleginfo_Inhalt8
Buchungssatzprotokoll.csv;Art der Zusatzinformation 1;Zusatzinfo_Art1
Buchungssatzprotokoll.csv;Inhalt der Zusatzinformation 1;Zusatzinfo_Inhalt1
Buchungssatzprotokoll.csv;Art der Zusatzinformation 2;Zusatzinfo_Art2
Buchungssatzprotokoll.csv;Inhalt der Zusatzinformation 2;Zusatzinfo_Inhalt2
Buchungssatzprotokoll.csv;Art der Zusatzinformation 3;Zusatzinfo_Art3
Buchungssatzprotokoll.csv;Inhalt der Zusatzinformation 3;Zusatzinfo_Inhalt3
Buchungssatzprotokoll.csv;Art der Zusatzinformation 4;Zusatzinfo_Art4
Buchungssatzprotokoll.csv;Inhalt der Zusatzinformation 4;Zusatzinfo_Inhalt4
Buchungssatzprotokoll.csv;Art der Zusatzinformation 5;Zusatzinfo_Art5
Buchungssatzprotokoll.csv;Inhalt der Zusatzinformation 5;Zusatzinfo_Inhalt5
Buchungssatzprotokoll.csv;Art der Zusatzinformation 6;Zusatzinfo_Art6
Buchungssatzprotokoll.csv;Inhalt der Zusatzinformation 6;Zusatzinfo_Inhalt6
Buchungssatzprotokoll.csv;Art der Zusatzinformation 7;Zusatzinfo_Art7
Buchungssatzprotokoll.csv;Inhalt der Zusatzinformation 7;Zusatzinfo_Inhalt7
Buchungssatzprotokoll.csv;Art der Zusatzinformation 8;Zusatzinfo_Art8
Buchungssatzprotokoll.csv;Inhalt der Zusatzinformation 8;Zusatzinfo_Inhalt8
Buchungssatzprotokoll.csv;Art der Zusatzinformation 9;Zusatzinfo_Art9
Buchungssatzprotokoll.csv;Inhalt der Zusatzinformation 9;Zusatzinfo_Inhalt9
Buchungssatzprotokoll.csv;Art der Zusatzinformation 10;Zusatzinfo_Art10
Buchungssatzprotokoll.csv;Inhalt der Zusatzinformation 10;Zusatzinfo_Inhalt10
Buchungssatzprotokoll.csv;Art der Zusatzinformation 11;Zusatzinfo_Art11
Buchungssatzprotokoll.csv;Inhalt der Zusatzinformation 11;Zusatzinfo_Inhalt11
Buchungssatzprotokoll.csv;Art der Zusatzinformation 12;Zusatzinfo_Art12
Buchungssatzprotokoll.csv;Inhalt der Zusatzinformation 12;Zusatzinfo_Inhalt12
Buchungssatzprotokoll.csv;Art der Zusatzinformation 13;Zusatzinfo_Art13
Buchungssatzprotokoll.csv;Inhalt der Zusatzinformation 13;Zusatzinfo_Inhalt13
Buchungssatzprotokoll.csv;Art der Zusatzinformation 14;Zusatzinfo_Art14
Buchungssatzprotokoll.csv;Inhalt der Zusatzinformation 14;Zusatzinfo_Inhalt14
Buchungssatzprotokoll.csv;Art der Zusatzinformation 15;Zusatzinfo_Art15
Buchungssatzprotokoll.csv;Inhalt der Zusatzinformation 15;Zusatzinfo_Inhalt15
Buchungssatzprotokoll.csv;Art der Zusatzinformation 16;Zusatzinfo_Art16
Buchungssatzprotokoll.csv;Inhalt der Zusatzinformation 16;Zusatzinfo_Inhalt16
Buchungssatzprotokoll.csv;Art der Zusatzinformation 17;Zusatzinfo_Art17
Buchungssatzprotokoll.csv;Inhalt der Zusatzinformation 17;Zusatzinfo_Inhalt17
Buchungssatzprotokoll.csv;Art der Zusatzinformation 18;Zusatzinfo_Art18
Buchungssatzprotokoll.csv;Inhalt der Zusatzinformation 18;Zusatzinfo_Inhalt18
Buchungssatzprotokoll.csv;Art der Zusatzinformation 19;Zusatzinfo_Art19
Buchungssatzprotokoll.csv;Inhalt der Zusatzinformation 19;Zusatzinfo_Inhalt19
Buchungssatzprotokoll.csv;Art der Zusatzinformation 20;Zusatzinfo_Art20
Buchungssatzprotokoll.csv;Inhalt der Zusatzinformation 20;Zusatzinfo_Inhalt20
Buchungssatzprotokoll.csv;Stapelidentifikator;Stapelidentifikator
Buchungssatzprotokoll.csv;Belegidentifikator;Belegidentifikator
Buchungssatzprotokoll.csv;Stueck;Stueck
Buchungssatzprotokoll.csv;Gewicht;Gewicht
Buchungssatzprotokoll.csv;Gesellschaftername;Gesellschaftername
Buchungssatzprotokoll.csv;Beteiligtennummer;Beteiligtennummer
Buchungssatzprotokoll.csv;Identifikationsnummer;Identifikationsnummer
Buchungssatzprotokoll.csv;Zeichnernummer;Zeichnernummer
Buchungssatzprotokoll.csv;Leistungsdatum;Leistungsdatum
Buchungssatzprotokoll.csv;Datum Zuord. Steuerperiode;DatumZuordSteuerperiode
Buchungssatzprotokoll.csv;Faelligkeitsdatum der Buchung;Faelligkeit
Buchungssatzprotokoll.csv;Generalumkehr (GU);Generalumkehr (GU)
Bereichsuebersicht.csv;ID des Rechnungslegungsbereichs;BereichsId
Bereichsuebersicht.csv;Kennung der Rechnungslegung (0=fuer alle Rechnungslegungszwecke gueltig/30=steuerlich/50=handelsrechtlich/64=IFRS/40=Kalkulatorik/11=Eigener Bereich1/12=eigener Bereich2);Rechnlegungskennung
Bereichsuebersicht.csv;Zweck der Rechnungslegung;Rechnlegungszweck
Mvz.csv;ID des Rechnungslegungsbereichs;BereichsId
Mvz.csv;Kontonummer;Ktonr
Mvz.csv;Kontobeschriftung;Ktobeschr
Mvz.csv;Höchstes gebuchtes Datum;Datum_gebucht_bis
Mvz.csv;EB-Wert Soll;EB_S
Mvz.csv;EB-Wert Haben;EB_H
Mvz.csv;Jahresverkehrszahlen Soll;JVZ_S
Mvz.csv;Jahresverkehrszahlen Haben;JVZ_H
Mvz.csv;Monatsverkehrszahlen Monat 01 Soll;MVZ_01_S
Mvz.csv;Monatsverkehrszahlen Monat 01 Haben;MVZ_01_H
Mvz.csv;Monatsverkehrszahlen Monat 02 Soll;MVZ_02_S
Mvz.csv;Monatsverkehrszahlen Monat 02 Haben;MVZ_02_H
Mvz.csv;Monatsverkehrszahlen Monat 03 Soll;MVZ_03_S
Mvz.csv;Monatsverkehrszahlen Monat 03 Haben;MVZ_03_H
Mvz.csv;Monatsverkehrszahlen Monat 04 Soll;MVZ_04_S
Mvz.csv;Monatsverkehrszahlen Monat 04 Haben;MVZ_04_H
Mvz.csv;Monatsverkehrszahlen Monat 05 Soll;MVZ_05_S
Mvz.csv;Monatsverkehrszahlen Monat 05 Haben;MVZ_05_H
Mvz.csv;Monatsverkehrszahlen Monat 06 Soll;MVZ_06_S
Mvz.csv;Monatsverkehrszahlen Monat 06 Haben;MVZ_06_H
Mvz.csv;Monatsverkehrszahlen Monat 07 Soll;MVZ_07_S
Mvz.csv;Monatsverkehrszahlen Monat 07 Haben;MVZ_07_H
Mvz.csv;Monatsverkehrszahlen Monat 08 Soll;MVZ_08_S
Mvz.csv;Monatsverkehrszahlen Monat 08 Haben;MVZ_08_H
Mvz.csv;Monatsverkehrszahlen Monat 09 Soll;MVZ_09_S
Mvz.csv;Monatsverkehrszahlen Monat 09 Haben;MVZ_09_H
Mvz.csv;Monatsverkehrszahlen Monat 10 Soll;MVZ_10_S
Mvz.csv;Monatsverkehrszahlen Monat 10 Haben;MVZ_10_H
Mvz.csv;Monatsverkehrszahlen Monat 11 Soll;MVZ_11_S
Mvz.csv;Monatsverkehrszahlen Monat 11 Haben;MVZ_11_H
Mvz.csv;Monatsverkehrszahlen Monat 12 Soll;MVZ_12_S
Mvz.csv;Monatsverkehrszahlen Monat 12 Haben;MVZ_12_H
Mandantendaten.csv;Beraternummer;Bnr
Mandantendaten.csv;Mandantennummer;Mnr
Mandantendaten.csv;Jahr;Jahr
Mandantendaten.csv;Unternehmensname kurz;Unternehmensname_k
Mandantendaten.csv;Unternehmensname;Unternehmensname
Mandantendaten.csv;Erw. Unternehmensname 1;UnternehmensnErw1
Mandantendaten.csv;Erw. Unternehmensname 2;Unternehmensn_Erw2
Mandantendaten.csv;Erw. Unternehmensname 3;Unternehmensn_Erw3
Mandantendaten.csv;Unternehmensgegenstand;Unternehmensgegenst
Mandantendaten.csv;Anrede;Anrede
Mandantendaten.csv;Unternehmensform;Unternehmensform
Mandantendaten.csv;EU-Land;EULand
Mandantendaten.csv;EU-UStID;EU_UStId
Mandantendaten.csv;Strasse;Strasse
Mandantendaten.csv;Postleitzahl;PLZ
Mandantendaten.csv;Ort;Ort
Mandantendaten.csv;Postfach;Postfach
Mandantendaten.csv;Telefon;Telefon
Mandantendaten.csv;FAX;Fax
Mandantendaten.csv;Mobiltelefon;Mobiltelefon
Mandantendaten.csv;E-Mailadresse;Email
Mandantendaten.csv;Internetadresse;Internet
Mandantendaten.csv;Spezialkontenrahmen;SKR
Mandantendaten.csv;Besteuerungsart (S=Sollversteuerung, I=Istversteuerung, P=Pauschalierung, K=Keine Umsatzsteuerrechnung);Besteuerungsart
Mandantendaten.csv;Voranmeldungszeitraum (M=Monat, Q=Quartal, K=Keine UStVA);Voranmeldungszeitr
Mandantendaten.csv;Beginn des Wirtschaftsjahres;WJ_Beginn
Mandantendaten.csv;Wirtschaftsjahresende oder Ende des Rumpfwirtschaftsjahres;WJ_Ende
Mandantendaten.csv;Basiswaehrung;Basiswaehrung
Mandantendaten.csv;Laenge Sachkontonummer;LaengeSachkontonr
Mandantendaten.csv;Kanzlei-Kontenbeschriftungen (1=yes, 2=no);Kanzlei_ktobeschr
Mandantendaten.csv;Kanzlei-Kontenfunktionen (1=yes, 0=no);Kanzlei_ktofkt
Mandantendaten.csv;Individuelle Kontenfunktionen (1=yes, 0=no);Individ_ktofkt
Mandantendaten.csv;Schlüsselung Anlagenspiegelfunktionen Standard (1=yes, 0=no);Anlagenspiegel_std
Mandantendaten.csv;Schlüsselung Anlagenspiegelfunktionen Kanzlei (1=yes, 0=no);Anlagenspiegel_kanz
Mandantendaten.csv;Schlüsselung Anlagenspiegelfunktionen Individuell(1=yes, 0=no);Anlagenspiegel_indiv
Mandantendaten.csv;Nationales Recht;Nationales_recht
Mandantendaten.csv;Anzahl vollhaftende Gesellschafter;VollhGesellschAnzahl
Mandantendaten.csv;Finanzamtsnummer;Finanzamtsnummer
Mandantendaten.csv;Steuernummer;Steuernummer
Mandantendaten.csv;Höchstes gebuchtes Datum der Buchführung;Datum_gebucht_bis
Mandantendaten.csv;Aktuelles Verarbeitungskennzeichen;VKZ
Mandantendaten.csv;Festschreibung erfolgt (1=alles festgeschrieben, 0=nicht alles festgeschrieben) Export fuer Vorabpruefung;Festschreibung
Kontennachweis.csv;ID des Rechnungslegungsbereichs;BereichsId
Kontennachweis.csv;"Auswertungstyp (1=Kontennachweis zur Bilanz,
2=Kontennachweis zur GuV,
3=Kontennachweis nach §4(Abs.3) EStG)";Auswertungstyp
Kontennachweis.csv;Bezeichnung der Auswertung;Auswertungsbez
Kontennachweis.csv;Bezeichnung der Unterliste (z.B. Aktiva, Passiva);KNW_Unterliste
Kontennachweis.csv;Nummerierung der Auswertungszeilen;Zeilenzaehler
Kontennachweis.csv;Nutzung Referenzsystem (0=nein, 1=ja);Nutzung_Refsystem
Kontennachweis.csv;Zuordnungstabelle;ZOT
Kontennachweis.csv;Basiswährung der Auswertung;KNW_Waehrung
Kontennachweis.csv;Positionsbezeichnung;KNW_Positionsbez
Kontennachweis.csv;Postenwert Gesamt;KNW_Postenwert
Kontennachweis.csv;Postenwert_Davon_Position;KNW_PWert_Davon_Pos
Kontennachweis.csv;Kontonummer;KNW_KtoNr
Kontennachweis.csv;Kontobezeichnung;KNW_Kontobezeichnung
Kontennachweis.csv;Saldo_Konto;KNW_Kontowert
EBilanzKontennachweis.csv;Kontonummer_EBilanz;KONTO_NR
EBilanzKontennachweis.csv;Bezeichnung des Kontos;KONTO_BEZ
EBilanzKontennachweis.csv;EBilanz_Taxonomie;E_BIL_TAXZ
EBilanzKontennachweis.csv;EBilanz-Standard (0=Steuerbilanz, 1=Handelsbilanz mit Überleitung, 2=Einheitsbilanz);E_BIL_BILSTAN
EBilanzKontennachweis.csv;Taxonomieposition;TAX_POS
EBilanzKontennachweis.csv;Bezeichnung Taxonomieposition;TAX_POS_BEZ
EBilanzKontennachweis.csv;Saldo des Kontos;Tax_POS_SALDO
EBilanzKontennachweis.csv;Konto_Ueberleitung;TAX_UEBERL
EBilanzKontennachweis.csv;Konto_Ueberleitung Vorjahr;TAX_UEBERL_VORJ
EBilanzKontennachweis.csv;Zeitstempel der Uebermittlung;ZEITSTEMPEL
Buchungsstapelliste.csv;ID des Rechnungslegungsbereichs;BereichsId
Buchungsstapelliste.csv;Nummer des Buchungsstapels;Stapelnr
Buchungsstapelliste.csv;Art des Buchungsstapels (1=FIBU,2=JA);Buchungstyp
Buchungsstapelliste.csv;Kalendermonat der Buchungsperiode;Periode
Buchungsstapelliste.csv;Laufende Nummer der Periode;Lfdnr
Buchungsstapelliste.csv;Datum von Periode;Periode_von
Buchungsstapelliste.csv;Datum bis Periode;Periode_bis
Buchungsstapelliste.csv;Stapelbezeichnung;Stapelbez
Buchungsstapelliste.csv;Diktatkuerzel;Diktatkuerzel
Buchungsstapelliste.csv;Herkunftskennzeichen;Herkunftskz
Buchungsstapelliste.csv;Bearbeitungsstatus (10=Festgeschrieben, 11=Gebucht, 20=FixiertNurFibu, 21=FixiertNurOpos, 30=AltRZGeholt, 31=AltGesendet, 32=AltFestgeschrieben);Bearbeitungsstatus
Buchungsstapelliste.csv;Festschreibenummer;Festschreibenr
Buchungsstapelliste.csv;Festschreibedatum des Stapels;Festschreibedatum
Buchungsstapelliste.csv;Festschreibekennung;Festschreibekennung
Buchungsstapelliste.csv;Buchungsstapel Pruefstatus (1=OK, 2=Hinweis, 3=Fehler, 4=Vorschlagstatus gruen, 5=Vorschlagstatus gelb, 7=Vorschlagstatus rot);Buchungstapelpruefst
Buchungsstapelliste.csv;Buchungsstapel Identifikator;Stapelidentifikator
Buchungsstapelliste.csv;Anzahl Belege im Stapel;Anzahl_Belege
InventarStamm.csv;ID des Rechnungslegungsbereichs;BereichsId
InventarStamm.csv;Wirtschaftsgut-ID;WgId
InventarStamm.csv;Abschreibungsart-Nr.;AfaArt
InventarStamm.csv;Abschreibungsart;AfaArtText
InventarStamm.csv;Abschreibungsart-Nr. alt;AfaArtAlt
InventarStamm.csv;Abschreibungsart alt;AfaArtAltText
InventarStamm.csv;AfA-Ausweis;AfaAusweis
InventarStamm.csv;Abschreibungsbeginn;AfaBeg
InventarStamm.csv;Abschreibungsbeginn bei Nachaktivierungen;AfaBegNa
InventarStamm.csv;Abschreibungsprozentsatz;AfaProz
InventarStamm.csv;Bezeichnung für Substanz-AfA;AfsBez
InventarStamm.csv;AHK-Betrag zum Wirtschaftsjahresbeginn;AhkBetragWjBeg
InventarStamm.csv;AHK-Betrag zum Wirtschaftsjahresende;AhkBetragWjEnd
InventarStamm.csv;AHK-Datum;AhkDatum
InventarStamm.csv;Bestelldatum;Bestelldatum
InventarStamm.csv;Bemessungsgrundlage;Bmgl
InventarStamm.csv;Datum der Bemessungsgrundlage;BmglDat
InventarStamm.csv;Nutzungsdauer der Bemessungsgrundlage;BmglNd
InventarStamm.csv;Prozentsatz der Bemessungsgrundlage;BmglProz
InventarStamm.csv;Erhöhte AfA in Prozent der AHK lfd. Jahr;ErAfaAhkProzLj
InventarStamm.csv;Erhöhte AfA lfd. Jahr;ErAfaLj
InventarStamm.csv;Begünstigungszeitraum verlängert (0=Nein/1=Ja);ErhVoll
InventarStamm.csv;Erläuterungen zur AfA-Art;ErlAfaArt
InventarStamm.csv;Festwert;Festwert
InventarStamm.csv;Filial-Nr.;FilialNr
InventarStamm.csv;Text für freie Sonderabschreibungsart;FreieAfaText
InventarStamm.csv;Gesamte Menge;GesAbMenge
InventarStamm.csv;Nutzungsdauer;GesNd
InventarStamm.csv;Gleichbleibender Abschreibungsbetrag;GlAfaBetrag
InventarStamm.csv;Herkunftsart;HerArt
InventarStamm.csv;Inventarbezeichnung;InventarBez
InventarStamm.csv;Inventar-Nr.;InventarNr
InventarStamm.csv;Menge des Wirtschaftsjahres;JaAbMenge
InventarStamm.csv;Konto-Nr. (Beschriftung der Konto-Nr. ist der Datei KontoTexte zu entnehmen);KontoNr
InventarStamm.csv;Kostenstelle 1 (Beschriftung der Kostenstelle 1 ist der Datei Kostenstelle zu entnehmen);KstNr
InventarStamm.csv;Kostenstelle 2 (Beschriftung der Kostenstelle 2 ist der Datei Kostentraeger zu entnehmen);KtrNr
InventarStamm.csv;Bezeichnung der Leistungseinheiten;LEinheitBez
InventarStamm.csv;Leistungseinheiten des Buchungsjahres;LEinheitBj
InventarStamm.csv;Leistungseinheiten pro Nutzungsdauer;LEinheitNd
InventarStamm.csv;Preis pro Leistungseinheit;LEinheitPreis
InventarStamm.csv;Verbrauchte Leistungseinheiten;LEinheitVerbr
InventarStamm.csv;Limit;Limit7b
InventarStamm.csv;Menge;Menge
InventarStamm.csv;Nachholung;Nachholung
InventarStamm.csv;Normal-Abschreibung der Vorjahre;NAfaVj
InventarStamm.csv;Normal-Abschreibung zum WJ-Ende;NAfaWjEnd
InventarStamm.csv;Restbegünstigungszeitraum;RestBegZeit
InventarStamm.csv;Restwert;Restwert
InventarStamm.csv;Sonderabschreibungsart-Nr.;SAfaArt
InventarStamm.csv;Sonderabschreibungsart;SAfaArtText
InventarStamm.csv;Auflösung Sonderabschreibung aus Vorjahr;SAfaAufgeloeVj
InventarStamm.csv;Aufgelöste Sonder-AfA aus Vorjahren;SAfaAufgeVj
InventarStamm.csv;Auflösung Sonderabschreibung laufendes Wirtschaftsjahr;SAfaAufzuLj
InventarStamm.csv;Gesamtes Sonder-AfA Volumen;SAfaGes
InventarStamm.csv;Gesamtes Sonder-AfA Volumen in Prozent;SAfaGesProz
InventarStamm.csv;Sonder-AfA zum WJ-Ende;SAfaWjEnd
InventarStamm.csv;Schrottwert;Schrottwert
InventarStamm.csv;Stichtagswert zum WJ-Beginn;StWertWjBeg
InventarStamm.csv;Stichtagswert zum WJ-Ende;StWertWjEnd
InventarStamm.csv;Übergang degressiv/linear (1=Ja/0=Nein);UebDegLin
InventarStamm.csv;Wirkung gleichbleibender AfA-Betrag;WirkGlAfaBetrag
InventarStamm.csv;Rundungsverfahren (1=optimierte Rundung/0=kaufmännische Rundung);Rundung
InventarStamm.csv;Lieferanten-Nr. (Beschriftung der Lieferanten-Nr. ist der Datei Lieferant zu entnehmen);LieferantenNr
InventarStamm.csv;Bezugsgröße für Verteilung Kostenstelle 1;Bezugsgroesse1
InventarStamm.csv;Bezugsgröße für Verteilung Kostenstelle 2;Bezugsgroesse2
InventarStamm.csv;Gesamtwert für Verteilung Kostenstelle 1;Bezugswert1
InventarStamm.csv;Gesamtwert für Verteilung Kostenstelle 2;Bezugswert2
InventarStamm.csv;Rücklagen-ID;RueckID
InventarStamm.csv;Inventurdatum;InventurDatum
InventarStamm.csv;Einheit;Einheit
InventarStamm.csv;Seriennummer;SerienNr
InventarStamm.csv;Vertragsnummer;VertragsNr
InventarStamm.csv;Standort;Standort
InventarStamm.csv;Nutzungsart;NutzungsArt
InventarStamm.csv;Flurnummer;FlurNr
InventarStamm.csv;Preis;Preis
InventarStamm.csv;Inventar neu oder gebraucht;NeuGebraucht
InventarStamm.csv;Vermögensart (1=Anlagevermögen/2=Umlaufvermögen Ust/3=Umlaufvermögen EÜR);UstObjekt
InventarStamm.csv;Geplanter AHK-Betrag der Ansparrücklage;GeplAhkUeb
InventarStamm.csv;Betrag der Ansparrücklage;RueckUeb
InventarStamm.csv;Bezeichnung der Ansparrücklage;RueckBez
InventarStamm.csv;Investitionsabzugsbetrags-ID;InvestID
AhkAbzInv.csv;ID des Rechnungslegungsbereichs;BereichsId
AhkAbzInv.csv;Wirtschaftsgut-ID;WgId
AhkAbzInv.csv;ID des AHK-Abzugs (Beschriftung der AHK-Abzugsart ist der Datei AhkAbzugsart zu entnehmen);AhkAbzId
AhkAbzInv.csv;Summe noch nicht aufgelöster AHK-Abzug;AhkAbzugNiagSum
AhkAbzInv.csv;Noch nicht aufgelöster AHK-Abzug;AhkAbzugNiag
AhkAbzInv.csv;Summe ertragssteuerlicher AHK-Abzug;AhkAbzugErstSum
AhkAbzInv.csv;Aufzulösender AHK-Abzug ab lfd. Jahr;AhkAbzugAbLj
AhkAbzInv.csv;Ertragssteuerlicher AHK-Abzug;AhkAbzugErst
AhkAbzugsart.csv;ID des AHK-Abzugs;AhkAbzId
AhkAbzugsart.csv;Beschriftung der AHK-Abzugsart;Text
FoerdInv.csv;ID des Rechnungslegungsbereichs;BereichsId
FoerdInv.csv;Wirtschaftsgut-ID;WgId
FoerdInv.csv;ID der Förderung  (Beschriftung der Förderung ist der Datei Foerderungsart zu entnehmen);FoerderId
FoerdInv.csv;Individueller Auflösungsbetrag der Förderung;FAbschrInd
FoerdInv.csv;Betrag der Förderung am WJ-Beginn;FAB
FoerdInv.csv;Betrag der Förderung am WJ-Ende;FEB
FoerdInv.csv;Betrag des aufgelösten Sonderpostens zum WJ-Beginn;FAbschrAB
FoerdInv.csv;Betrag des aufgelösten Sonderpostens zum WJ-Ende;FAbschrEB
FoerdInv.csv;Betrag im Sonderposten befindliche Förderung zum WJ-Beginn;FBwAB
FoerdInv.csv;Betrag im Sonderposten befindliche Förderung zum WJ-Ende;FBwEB
FoerdInv.csv;Nutzungsdauer für die Auflösung;FNd
FoerdInv.csv;Prozentsatz zum Bilden der Auflösung der Förderung;FProz
FoerdInv.csv;Betrag der Zuschreibungsrücklage am WJ-Beginn;BasisZuschrRLWJAnf
FoerdInv.csv;Betrag der Zuschreibungsrücklage lfd. WJ;BasisZuschrRL
Foerderungsart.csv;ID der Förderung;FoerderId
Foerderungsart.csv;Beschriftung der Förderung;FBeschr
Foerderungsart.csv;Förderungsart (O=öffentlich/N=nicht öffentlich);FTyp
InventarBewegung.csv;ID des Rechnungslegungsbereichs;BereichsId
InventarBewegung.csv;Wirtschaftsgut-ID;WgId
InventarBewegung.csv;Bewegungs-Key (1=Bewegung/2=Ahk-Abzugs-Bewegung/3=Förderungs-Bewegung);BewegKey
InventarBewegung.csv;Bewegungsdatum;BewegDatum
InventarBewegung.csv;Nummer der Bewegungsart;BewegArtNr
InventarBewegung.csv;Bewegungsart;BewegArtText
InventarBewegung.csv;Nummer der Bewegung;IntNrBeweg
InventarBewegung.csv;Kennzeichen der Bewegung (i=intern/e=extern);KzIntExt
InventarBewegung.csv;Stichtagswert;StWert
InventarBewegung.csv;AHK-Betrag;AhkBetrag
InventarBewegung.csv;Sonderabschreibungsbetrag;SAfa
InventarBewegung.csv;Normal-AfA;NAfa
InventarBewegung.csv;Nachholung bei Zuschreibung/Zugang;Nachholung
InventarBewegung.csv;Aufgelöste Sonder-AfA im WJ;SAfaAufzuLj
InventarBewegung.csv;Ende-Monat der Schicht-AfA;EndeMonatSchicht
InventarBewegung.csv;Ende-Monat;EndeMonatIndiv
InventarBewegung.csv;Datum der Bemessungsgrundlage;BmglDatum
InventarBewegung.csv;Konto-Nr. neu;KontoNrNeu
InventarBewegung.csv;Kostenstelle1 neu;KstNrNeu
InventarBewegung.csv;Kostenstelle2 neu;KtrNrNeu
InventarBewegung.csv;Filial-Nr. neu;FilialNrNeu
InventarBewegung.csv;Neue Nutzungsdauer;NdNeu
InventarBewegung.csv;Prozentsatz 1;Proz1
InventarBewegung.csv;Prozentsatz 2;Proz2
InventarBewegung.csv;Nutzungsdauer f. Zuschreibung N-AfA;ZuschNd
InventarBewegung.csv;Ertragssteuerliche Förderung;FoerderErst
InventarBewegung.csv;Buchungstext;BuchTxt
InventarBewegung.csv;Bemessungsgrundlage;Bmgl
InventarBewegung.csv;Restnutzungsdauer der Bmgl;BmglRestNd
InventarBewegung.csv;Erlös;Erloes
InventarBewegung.csv;Buchgewinn (0=Buchverlust/1=Buchgewinn/2=Buchverlust/3=Buchgewinn);Buchgewinn
InventarBewegung.csv;Währung des Alternativbetrages;AltWaehrung
InventarBewegung.csv;Währungskennung des Alternativbetrages;AltWkz
InventarBewegung.csv;Kurs;Kurs
InventarBewegung.csv;Erhöhung Normal-AfA aufgrund BilMoG;NAfaGewinn
InventarBewegung.csv;Erhöhung Normal-AfA aufgrund BilMoG;NAfaAufwand
InventarBewegung.csv;Korrektur Sonder-AfA aufgrund BilMoG;SAfaGewinn
InventarBewegung.csv;Korrektur Sonder-AfA aufgrund BilMoG;SAfaErtrag
InventarBewegung.csv;ID des AHK-Abzugs (Beschriftung der AHK-Abzugsart ist der Datei AhkAbzugsart zu entnehmen);AhkAbzId
InventarBewegung.csv;Ertragssteuerlicher AHK-Abzug;AhkAbzugErst
InventarBewegung.csv;Noch nicht aufgelöster AHK-Abzug;AhkAbzugNiag
InventarBewegung.csv;Korrektur aufgrund BilMoG;AABilMogGewinn
InventarBewegung.csv;Korrektur aufgrund BilMoG;AABilMogErtrag
InventarBewegung.csv;ID der Foerderung  (Beschriftung der Foerderung ist der Datei Foerderungsart zu entnehmen);FoerderId
InventarBewegung.csv;Noch nicht abgeschriebene Foerderung;FBw
InventarBewegung.csv;Ursprüngliche Foerderung;FBetrag
InventarBewegung.csv;Fremdkapitalzinsen;FKZinsen
InventarBewegung.csv;Betrag der Zuschreibungsruecklage;BasisZuschrRL
InventarBewegung.csv;ID der Bewegung in der Zusatzinfo der Buchung;BewegID
InventarBewegung.csv;Beleglink;ZIBelegID
InventarBewegung.csv;ID der Umbuchungsbewegung in der Zusatzinfo der Buchung;UmWgID
InvestitionsabzugsbetragInvZuordnung.csv;ID des Rechnungslegungsbereichs;BereichsId
InvestitionsabzugsbetragInvZuordnung.csv;Wirtschaftsgut-ID;WgID
InvestitionsabzugsbetragInvZuordnung.csv;fortlfd. interne Nummer analog WgID für die Investitionsabzugsbeträge;InvestID
InvestitionsabzugsbetragInvZuordnung.csv;IAB AHK-Betrag;GeplAHKUeb
InvestitionsabzugsbetragInvZuordnung.csv;IAB-Abzugsbetrag Übertragung;RueckUeb
InvestitionsabzugsbetragInvZuordnung.csv;IAB Bezeichnung;RueckBez
InvestitionsabzugsbetragInvZuordnung.csv;Datum IAB Übertragung;RueckDat
Belegverknuepfung.csv;ID des Rechnungslegungsbereichs;BereichsId
Belegverknuepfung.csv;Wirtschaftsgut-ID;WgID
Belegverknuepfung.csv;Datum der Verknuepfung;Datum
Belegverknuepfung.csv;Kategorie (20=Bewertung/30=Gutachten/60=Rechnung/70=Sonstiges/90=Verträge);Kategorie
Belegverknuepfung.csv;Beleglink;BelegID
Belegverknuepfung.csv;Dateiname;Dateiname
Belegverknuepfung.csv;Erlaeuterung zum Beleg;Belegtext
Inventarentwicklung.csv;ID des Rechnungslegungsbereichs;BereichsId
Inventarentwicklung.csv;Konto-Nr. (Beschriftung der Konto-Nr. ist der Datei KontoTexte zu entnehmen);KontoNr
Inventarentwicklung.csv;Inventar-Nr.;InventarNr
Inventarentwicklung.csv;Inventarbezeichnung;InventarBez
Inventarentwicklung.csv;Abschreibungsart-Nr.;AfaArt
Inventarentwicklung.csv;Nutzungsdauer;GesNd
Inventarentwicklung.csv;Abschreibungsprozentsatz;AfaProz
Inventarentwicklung.csv;Rest-Nutzungsdauer;GesRestNd
Inventarentwicklung.csv;Rest-Prozentsatz;AfaRestProz
Inventarentwicklung.csv;AHK-Datum;AhkDatum
Inventarentwicklung.csv;Abschreibungsbeginn;AfaBeg
Inventarentwicklung.csv;AHK Wj-Beginn;Ahk_Beginn
Inventarentwicklung.csv;Zugang AHK;Ahk_Zugang
Inventarentwicklung.csv;Abgang AHK;Ahk_Abgang
Inventarentwicklung.csv;Umbuchung Plus AHK;Ahk_UmbPlus
Inventarentwicklung.csv;Umbuchung Minus AHK;Ahk_UmbMinus
Inventarentwicklung.csv;Zuschreibung AHK;Ahk_Zuschreibung
Inventarentwicklung.csv;AHK Wj-Ende;Ahk_Ende
Inventarentwicklung.csv;Abschreibung Wj-Beginn;Afa_Beginn
Inventarentwicklung.csv;Zugang Abschreibung;Afa_Zugang
Inventarentwicklung.csv;Zugang Teilwert;Afa_ZugangTW
Inventarentwicklung.csv;Zugang Sonderabschreibung;Afa_ZugangSoAfa
Inventarentwicklung.csv;Abgang Abschreibung;Afa_Abgang
Inventarentwicklung.csv;Umbuchung Plus Abschreibung;Afa_UmbPlus
Inventarentwicklung.csv;Umbuchung Minus Abschreibung;Afa_UmbMinus
Inventarentwicklung.csv;Zuschreibung Abschreibung;Afa_Zuschreibung
Inventarentwicklung.csv;Abschreibung Wj-Ende;Afa_Ende
Inventarentwicklung.csv;Buchwert Wj-Beginn;BW_Beginn
Inventarentwicklung.csv;Zugang Buchwert;BW_Zugang
Inventarentwicklung.csv;Abgang Buchwert;BW_Abgang
Inventarentwicklung.csv;Umbuchung Plus Buchwert;BW_UmbPlus
Inventarentwicklung.csv;Umbuchung Minus Buchwert;BW_UmbMinus
Inventarentwicklung.csv;Abschreibung Buchwert;BW_Afa
Inventarentwicklung.csv;Abschreibung BW Sonderabschreibung;BW_SoAfa
Inventarentwicklung.csv;Zuschreibung Buchwert;BW_Zuschreibung
Inventarentwicklung.csv;Buchwert Wj-Ende;BW_Ende
Inventarentwicklung.csv;Sonderposten Wj-Beginn;SoPo_Beginn
Inventarentwicklung.csv;Zugang SoPo Sonderabschreibung;SoPo_Zugang
Inventarentwicklung.csv;Zugang Sonderposten AHK-Abzug;SoPo_AhkAbzug
Inventarentwicklung.csv;Abgang Sonderposten;SoPo_Abgang
Inventarentwicklung.csv;Umbuchung Plus Sonderposten;SoPo_UmbPlus
Inventarentwicklung.csv;Umbuchung Minus Sonderposten;SoPo_UmbMinus
Inventarentwicklung.csv;Abschreibung Sonderposten;SoPo_Afa
Inventarentwicklung.csv;Zuschreibung Sonderposten;SoPo_Zuschreibung
Inventarentwicklung.csv;Sonderposten Wj-Ende;SoPo_Ende
Inventarentwicklung.csv;Vermögensart (1=Anlagevermögen/2=Umlaufvermögen Ust/3=Umlaufvermögen EÜR);UstObjekt
Inventarentwicklung.csv;Fremdkapitalzinsen;FKZinsen
Ansparruecklagen.csv;ID des Rechnungslegungsbereichs;BereichsId
Ansparruecklagen.csv;fortlfd. interne Nummer analog WgID;RueckID
Ansparruecklagen.csv;Bezeichnung der Rücklage;RueckBez
Ansparruecklagen.csv;Datum des Beginns der Laufzeit der  Rücklage;RueckDat
Ansparruecklagen.csv;Betrag der geplanten Anschaffungs-/Herstellungskosten (noch offen);GeplAhk
Ansparruecklagen.csv;Geplantes Anschaffungs-/Herstellungsdatum des Wirtschaftsguts;GeplAhkDat
Ansparruecklagen.csv;Stand WJ-Beginn – Geplante AHK;GeplAhkWjBeg
Ansparruecklagen.csv;Erhöhung – Geplante AHK;GeplAhkErh
Ansparruecklagen.csv;Übertragung – Geplante AHK;GeplAhkUeb
Ansparruecklagen.csv;Auflösung – Geplante AHK;GeplAhkAufl
Ansparruecklagen.csv;Stand WJ-Ende – Geplante AHK;GeplAhkWjEnd
Ansparruecklagen.csv;Rücklage in Prozent Gesamt;RueckProzGes
Ansparruecklagen.csv;Betrag der Rücklage Gesamt (noch offen);RueckBetragGes
Ansparruecklagen.csv;Max.Anzahl der Jahre auf die der max. Rücklagenbetrag verteilt werden kann, 2 Jahre oder 6 Jahre bei Existrenzgründer;Ansparzeitraum
Ansparruecklagen.csv;Jahr der Rücklage;Ansparjahr
Ansparruecklagen.csv;Auflösung - Gewinnzuschlag;ZinsAufl
Ansparruecklagen.csv;Stand WJ-Ende - Gewinnzuschlag;ZinsWjEnd
Ansparruecklagen.csv;Stand WJ-Ende - Gewinnzuschlag;RueckWjBeg
Ansparruecklagen.csv;Erhöhung – Ansparrücklage;RueckErh
Ansparruecklagen.csv;Übertragung – Ansparrücklage;RueckUeb
Ansparruecklagen.csv;Auflösung – Ansparrücklage;RueckAufl
Ansparruecklagen.csv;Stand WJ-Ende – Ansparrücklage;RueckWjEnd
Ansparruecklagen.csv;Jahr der Existenzgründung;ExistJahr
Ansparruecklagen.csv;Inventar-Nr.;InventarNr
Ansparruecklagen.csv;Stand WJ-Beginn - Gewinnzuschlag;ZinsWjBeg
Ansparruecklagen.csv;Erhöhung - Gewinnzuschlag;ZinsWjErh
Ansparruecklagen.csv;Status der Ansparrücklage (1-5=Ansparjahr der Rücklage/F=fehlerhafte Rücklage/NULL=bereichts aufgelöste Rücklage/E=letztes Jahr der Rücklage);FlagStatus
UstStamm.csv;ID des Rechnungslegungsbereichs;BereichsId
UstStamm.csv;Wirtschaftsgut-ID;WgID
UstStamm.csv;fortlfd. interne Nummer analog WgID;UstID
UstStamm.csv;Vorsteuer;UstBetrag
UstStamm.csv;Ursprünglicher Vorsteuerabzug;VstBetrag
UstStamm.csv;Berichtigungszeitraum in Monaten;BerichtZr
UstStamm.csv;Beginn-Datum des Berichtigungszeitraumes;BeginnBzr
UstStamm.csv;Ende-Datum des Berichtigungszeitraumes;EndeBzr
UstStamm.csv;durchschnittliche Nutzung in Prozent im Jahr 01;Nutzung01
UstStamm.csv;durchschnittliche Nutzung in Prozent im Jahr 02;Nutzung02
UstStamm.csv;durchschnittliche Nutzung in Prozent im Jahr 03;Nutzung03
UstStamm.csv;durchschnittliche Nutzung in Prozent im Jahr 04;Nutzung04
UstStamm.csv;durchschnittliche Nutzung in Prozent im Jahr 05;Nutzung05
UstStamm.csv;durchschnittliche Nutzung in Prozent im Jahr 06;Nutzung06
UstStamm.csv;durchschnittliche Nutzung in Prozent im Jahr 07;Nutzung07
UstStamm.csv;durchschnittliche Nutzung in Prozent im Jahr 08;Nutzung08
UstStamm.csv;durchschnittliche Nutzung in Prozent im Jahr 09;Nutzung09
UstStamm.csv;durchschnittliche Nutzung in Prozent im Jahr 10;Nutzung10
UstStamm.csv;durchschnittliche Nutzung in Prozent im Jahr 11;Nutzung11
UstStamm.csv;Abgangsart (0=Verkauf/1=Verschrottung);OptionVerkauf
UstStamm.csv;Steuerart (0=steuerpflichtig/1=steuerfrei);OptionSteuer
UstStamm.csv;Typ (0=beweglich/1=unbeweglich/2=Umlaufvermögen);WgTyp
UstStamm.csv;AHK für die Berechnung der Vorsteuer;Ahk
UstStamm.csv;Vorsteuersatz;VstSatz
UstStamm.csv;Datum der Anschaffung;Datum
UstStamm.csv;Textfeld für Anmerkungen;Text
UstSollIst.csv;ID des Rechnungslegungsbereichs;BereichsId
UstSollIst.csv;Wirtschaftsgut-ID;WgID
UstSollIst.csv;fortlfd. interne Nummer analog WgID;UstID
UstSollIst.csv;Datum der Berichtigung;Datum
UstSollIst.csv;Vorzeichen des Berichtigungswertes (BV oder UV oder UVV=Negativ/BE oder UE oder UVE=Positiv);Bsart
UstSollIst.csv;Berichtigungswert;Soll12
UstSollIst.csv;Ermittlung des Berichtigungswertes (0=individuelle Anwendereingabe/1=Ermittlung durch Programm);FlagBetrag
UstBerichtigung.csv;ID des Rechnungslegungsbereichs;BereichsId
UstBerichtigung.csv;Wirtschaftsgut-ID;WgID
UstBerichtigung.csv;fortlfd. interne Nummer analog WgID;UstID
UstBerichtigung.csv;Monat der Änderung der durchschnittlichen Nutzung;Datum
UstBerichtigung.csv;Prozentsatz der Nutzung;Nutzung
UstBerichtigung.csv;Textfeld für Anmerkungen zur Berichtigung;Grund
Investitionsabzugsbetrag.csv;ID des Rechnungslegungsbereichs;BereichsId
Investitionsabzugsbetrag.csv;fortlfd. interne Nummer analog WgID;InvestID
Investitionsabzugsbetrag.csv;Zustandskennzeichen des Investitionsabzugsbetrages (1-3=Jahr des Investabzugs/F=fehlerhafter Investabzug/NULL=bereichts aufgelöster Investabzug/E=letztes Jahr des Investabzugs);FlagStatus
Investitionsabzugsbetrag.csv;Jahr der Investition;InvestJahr
Investitionsabzugsbetrag.csv;Bezeichnung des Investitionsabzugsbetrages;InvestBez
Investitionsabzugsbetrag.csv;Datum des Beginns der Laufzeit des Investitionsabzugsbetrages;InvestAnfDat
Investitionsabzugsbetrag.csv;Datum des Endes der Laufzeit des Investitionsabzugsbetrages;InvestEndDat
Investitionsabzugsbetrag.csv;Betrag der geplanten AHK (Erstjahr);GeplAhk
Investitionsabzugsbetrag.csv;Betrag der geplanten AHK über alle Jahre;GeplAhkSumme
Investitionsabzugsbetrag.csv;Betrag der geplanten AHK Stand WJ-Anfang;GeplAhkWjBeg
Investitionsabzugsbetrag.csv;Betrag der geplanten AHK Stand WJ-Ende;GeplAhkWjEnd
Investitionsabzugsbetrag.csv;Erhöhungsbetrag;GeplAhkErhAkt
Investitionsabzugsbetrag.csv;Erhöhungsbetrag der geplanten AHK 2.Jahr;GeplAhkErh2
Investitionsabzugsbetrag.csv;Erhöhungsbetrag der geplanten AHK 3.Jahr;GeplAhkErh3
Investitionsabzugsbetrag.csv;Auflösungsbetrag;GeplAhkAuflAkt
Investitionsabzugsbetrag.csv;Auflösung der geplanten AHK 2. Jahr;GeplAhkAufl2
Investitionsabzugsbetrag.csv;Auflösung der geplanten AHK 3. Jahr;GeplAhkAufl3
Investitionsabzugsbetrag.csv;Auflösung der geplanten AHK 4. Jahr;GeplAhkAufl4
Investitionsabzugsbetrag.csv;Übertragungsbetrag;GeplAhkUebAkt
Investitionsabzugsbetrag.csv;Übertragung der geplanten AHK 2. Jahr;GeplAhkUeb2
Investitionsabzugsbetrag.csv;Übertragung der geplanten AHK 3. Jahr;GeplAhkUeb3
Investitionsabzugsbetrag.csv;Übertragung der geplanten AHK 4. Jahr;GeplAhkUeb4
Investitionsabzugsbetrag.csv;Erhöhungsdatum 2. Jahr;GeplAhkErhDat2
Investitionsabzugsbetrag.csv;Erhöhungsdatum 3. Jahr;GeplAhkErhDat3
Investitionsabzugsbetrag.csv;Auflösungsdatum 2. Jahr;GeplAhkAuflDat2
Investitionsabzugsbetrag.csv;Auflösungsdatum 3. Jahr;GeplAhkAuflDat3
Investitionsabzugsbetrag.csv;Auflösungsdatum 4. Jahr;GeplAhkAuflDat4
Investitionsabzugsbetrag.csv;Übertragungsdatum 2. Jahr;GeplAhkUebDat2
Investitionsabzugsbetrag.csv;Übertragungsdatum 3. Jahr;GeplAhkUebDat3
Investitionsabzugsbetrag.csv;Übertragungsdatum 4. Jahr;GeplAhkUebDat4
Investitionsabzugsbetrag.csv;Kennzeichen für Optionsauswahl des Abzugsbetrages 1.Jahr;FlagInvest1
Investitionsabzugsbetrag.csv;Kennzeichen für Optionsauswahl des Abzugsbetrages 2.Jahr;FlagInvest2
Investitionsabzugsbetrag.csv;Kennzeichen für Optionsauswahl des Abzugsbetrages 3.Jahr;FlagInvest3
Investitionsabzugsbetrag.csv;Prozentsatz des Abzugsbetrages 1. Jahr;InvestProz1
Investitionsabzugsbetrag.csv;Prozentsatz des Abzugsbetrages 2. Jahr;InvestProz2
Investitionsabzugsbetrag.csv;Prozentsatz des Abzugsbetrages 3. Jahr;InvestProz3
Investitionsabzugsbetrag.csv;Prozentsatz des Abzugsbetrages über alle Jahre;InvestProzGes
Investitionsabzugsbetrag.csv;Betrag des Abzugsbetrages (Erstjahr);Invest
Investitionsabzugsbetrag.csv;Betrag des Abzugsbetrages über alle Jahre;InvestSumme
Investitionsabzugsbetrag.csv;Betrag des Abzugsbetrages Stand WJ-Anfang;InvestWjBeg
Investitionsabzugsbetrag.csv;Betrag des Abzugsbetrages Stand WJ-Ende;InvestWjEnd
Investitionsabzugsbetrag.csv;Erhöhungsbetrag des Abzugsbetrages;InvestErhAkt
Investitionsabzugsbetrag.csv;Erhöhungsbetrag des Abzugsbetrages 2.Jahr;InvestErh2
Investitionsabzugsbetrag.csv;Erhöhungsbetrag des Abzugsbetrages 3.Jahr;InvestErh3
Investitionsabzugsbetrag.csv;Auflösungsbetrag des Abzugsbetrages;InvestAuflAkt
Investitionsabzugsbetrag.csv;Auflösungsbetrag des Abzugsbetrages 2.Jahr;InvestAufl2
Investitionsabzugsbetrag.csv;Auflösungsbetrag des Abzugsbetrages 3.Jahr;InvestAufl3
Investitionsabzugsbetrag.csv;Auflösungsbetrag des Abzugsbetrages 4.Jahr;InvestAufl4
Investitionsabzugsbetrag.csv;Übertragungsbetrag des Abzugsbetrages;InvestUebAkt
Investitionsabzugsbetrag.csv;Übertragungsbetrag des Abzugsbetrages 2.Jahr;InvestUeb2
Investitionsabzugsbetrag.csv;Übertragungsbetrag des Abzugsbetrages 3.Jahr;InvestUeb3
Investitionsabzugsbetrag.csv;Übertragungsbetrag des Abzugsbetrages 4.Jahr;InvestUeb4
Investitionsabzugsbetrag.csv;Jahr in das der Abzugsbetrag zurückgetragen werden muss;InvestRueckJahr
belege.csv;ID des Rechnungslegungsbereichs;BereichsId
belege.csv;Kontonummer des Kontos;Ktonr
belege.csv;Belegdatum der Buchung;Belegdatum
belege.csv;Kontonummer des Gegenkontos;GKtonr
belege.csv;Buchungstext;Buchungstext
belege.csv;Belegnummer;Belegnummer
belege.csv;Stapelnummer;Stapelnummer
belege.csv;Buchungssatznummer;BSNr
belege.csv;Beleglink;Beleglink
belege.csv;Belegdateiname;Belegdatei
belege.csv;Hyperlink;Hyperlink
belege.csv;Nummer des Folgebelegs;Folgebelegnr
belege.csv;Hinweis;Hinweis
